1, 335022446, 0.0036
2, 337079967, 0.0052
3, 337510235, 0.0064
4, 337863547, 0.0076
5, 338227689, 0.01
6, 338565914, 0.0124
7, 338889834, 0.0152
8, 339239583, 0.0176
9, 339574862, 0.02
10, 339895080, 0.0224
11, 340233561, 0.024
12, 340589415, 0.0252
13, 340936060, 0.0268
14, 341264599, 0.0292
15, 341564149, 0.0316
16, 341853987, 0.0332
17, 342147702, 0.0344
18, 342438649, 0.036
19, 342719727, 0.0384
20, 343026598, 0.0412
21, 343335427, 0.044
22, 343652492, 0.0476
23, 343974104, 0.05
24, 344292518, 0.0512
25, 344591205, 0.0528
26, 344888674, 0.0548
27, 345172258, 0.0564
28, 345473050, 0.0576
29, 345959065, 0.0588
30, 346285521, 0.0604
31, 346635754, 0.0624
32, 346963954, 0.0648
33, 347237402, 0.0668
34, 347530626, 0.068
35, 347853038, 0.0688
36, 348030191, 0.0696
37, 348196887, 0.0704
38, 348332016, 0.0712
39, 348501918, 0.072
40, 348665403, 0.0736
41, 348801145, 0.074
42, 348988176, 0.074
43, 349175039, 0.074
44, 349316803, 0.0744
45, 349540953, 0.0752
46, 349720308, 0.0768
47, 349880952, 0.078
48, 349999679, 0.08
49, 350111284, 0.0812
50, 350219141, 0.0828
51, 350381277, 0.084
52, 350493255, 0.0856
53, 350604338, 0.0868
54, 350714955, 0.088
55, 350834194, 0.0896
56, 350970262, 0.0908
57, 351090697, 0.0916
58, 351198597, 0.0924
59, 351346883, 0.0928
60, 351535621, 0.0928
61, 351963717, 0.0928
62, 352325007, 0.0928
63, 352636133, 0.0928
64, 352878455, 0.0928
65, 353009919, 0.0928
66, 353109179, 0.0928
67, 353209811, 0.0928
68, 353315614, 0.0928
69, 353440204, 0.0928
70, 353549518, 0.0928
71, 353665634, 0.0928
72, 353770600, 0.0936
73, 353876920, 0.0944
74, 353991814, 0.0956
75, 354100850, 0.0964
76, 354203747, 0.0972
77, 354315145, 0.0988
78, 354446558, 0.1004
79, 354622124, 0.1016
80, 354848085, 0.1036
81, 355046336, 0.1056
82, 355284947, 0.1076
83, 355550076, 0.1096
84, 355838340, 0.1104
85, 356093250, 0.1112
86, 361741603, 0.112
87, 361831059, 0.114
88, 361886213, 0.1168
89, 361933556, 0.1192
90, 362108445, 0.122
91, 362165617, 0.1236
92, 362215722, 0.1252
93, 362275586, 0.1268
94, 362326769, 0.1272
95, 362412819, 0.1276
96, 362462687, 0.1284
97, 362698387, 0.1296
98, 362781148, 0.1308
99, 362924015, 0.1316
100, 362978170, 0.1332
101, 363025868, 0.1344
102, 363073082, 0.1352
103, 363121200, 0.136
104, 363248077, 0.1372
105, 363326623, 0.1388
106, 363386080, 0.1396
107, 363438371, 0.1416
108, 363487201, 0.1444
109, 363537477, 0.1472
110, 363587089, 0.1496
111, 363735581, 0.152
112, 363814666, 0.1536
113, 363866372, 0.1544
114, 363917765, 0.1552
115, 363965704, 0.156
116, 364093526, 0.1568
117, 364198342, 0.1576
118, 364251179, 0.1588
119, 364300032, 0.1596
120, 364346272, 0.1604
121, 364394678, 0.1612
122, 364700428, 0.1616
123, 364791136, 0.162
124, 364863157, 0.1624
125, 364920022, 0.1632
126, 365624980, 0.1648
127, 365733306, 0.1664
128, 365808813, 0.168
129, 366419411, 0.1696
130, 369522481, 0.1704
131, 369604618, 0.1716
132, 369668109, 0.1728
133, 369719699, 0.1736
134, 369771442, 0.1744
135, 369828102, 0.176
136, 369877694, 0.1776
137, 369926022, 0.1788
138, 369970917, 0.18
139, 370015097, 0.1808
140, 370064165, 0.1808
141, 370115807, 0.1812
142, 370162339, 0.1828
143, 370248286, 0.184
144, 370302001, 0.1852
145, 370352262, 0.1868
146, 370419945, 0.1888
147, 370490204, 0.1904
148, 370571060, 0.192
149, 370638049, 0.1928
150, 370715474, 0.1928
151, 370777081, 0.1928
152, 370833459, 0.1936
153, 370891033, 0.1944
154, 370947396, 0.1952
155, 371022245, 0.1964
156, 371080827, 0.1984
157, 371149400, 0.2008
158, 371193785, 0.2028
159, 371233822, 0.2044
160, 371280977, 0.2048
161, 371321226, 0.2052
162, 371377306, 0.206
163, 371443320, 0.208
164, 371504973, 0.2096
165, 371569299, 0.2108
166, 371677919, 0.2116
167, 371747188, 0.2128
168, 371820191, 0.2136
169, 371895161, 0.2144
170, 372186476, 0.2152
171, 372378667, 0.2164
172, 372495090, 0.2176
173, 372564326, 0.2184
174, 372622630, 0.2196
175, 372680056, 0.2204
176, 372742227, 0.2216
177, 372789814, 0.2224
178, 372839224, 0.2232
179, 372883303, 0.2236
180, 372935504, 0.224
181, 372975545, 0.2248
182, 373020627, 0.2256
183, 373066437, 0.2264
184, 373109995, 0.2268
185, 373150746, 0.2272
186, 373186942, 0.2284
187, 373221252, 0.2288
188, 373254340, 0.2292
189, 373289757, 0.2296
190, 373324361, 0.23
191, 373357972, 0.2308
192, 373396558, 0.2316
193, 373458201, 0.2324
194, 373493716, 0.2336
195, 373526368, 0.2344
196, 373576806, 0.2348
197, 373611120, 0.2352
198, 373644955, 0.2356
199, 373677014, 0.2356
200, 373709154, 0.2356
201, 373741929, 0.2356
202, 373774405, 0.2356
203, 373807533, 0.236
204, 373841919, 0.2368
205, 373874815, 0.2372
206, 373907561, 0.2376
207, 373939856, 0.238
208, 373974859, 0.2396
209, 374007715, 0.2408
210, 374040812, 0.2416
211, 374073380, 0.242
212, 374105802, 0.2432
213, 374139809, 0.2448
214, 374179399, 0.2468
215, 374213951, 0.2492
216, 374247132, 0.2508
217, 374294553, 0.2524
218, 374333955, 0.254
219, 374367665, 0.2552
220, 374402705, 0.2576
221, 374442045, 0.2596
222, 374486309, 0.262
223, 374520521, 0.2632
224, 377596106, 0.2636
225, 377669239, 0.2636
226, 377715469, 0.264
227, 377756063, 0.2648
228, 377802800, 0.2664
229, 377841516, 0.268
230, 377880766, 0.2696
231, 377921594, 0.2716
232, 377962722, 0.2732
233, 378002243, 0.2756
234, 378040262, 0.2776
235, 378079934, 0.2796
236, 378119237, 0.282
237, 378161910, 0.2844
238, 378200723, 0.2864
239, 378258399, 0.2884
240, 378311337, 0.2904
241, 378351463, 0.2928
242, 378391026, 0.2944
243, 378458013, 0.296
244, 378499042, 0.298
245, 378543250, 0.2996
246, 378593523, 0.3008
247, 378655679, 0.3024
248, 378699264, 0.304
249, 378744868, 0.306
250, 378785045, 0.3072
251, 378823417, 0.3076
252, 378862514, 0.3076
253, 378922950, 0.308
254, 378973979, 0.3084
255, 379029030, 0.3088
256, 379103300, 0.3092
257, 379155432, 0.3096
258, 379197873, 0.3104
259, 379237767, 0.3108
260, 379275780, 0.3116
261, 379317355, 0.3128
262, 379354437, 0.3136
263, 379390952, 0.3144
264, 379427526, 0.3156
265, 379465903, 0.316
266, 379505297, 0.316
267, 379542136, 0.316
268, 379579806, 0.316
269, 379615804, 0.3164
270, 379652167, 0.3172
271, 379690255, 0.3184
272, 379726675, 0.3196
273, 379763826, 0.3204
274, 379818825, 0.3208
275, 379856513, 0.3216
276, 379892413, 0.322
277, 379927621, 0.3224
278, 379964301, 0.3232
279, 379999893, 0.324
280, 380037150, 0.3248
281, 380078525, 0.3256
282, 380115930, 0.3264
283, 380152637, 0.3272
284, 380190597, 0.3284
285, 380226739, 0.3296
286, 380262774, 0.3304
287, 380344809, 0.3316
288, 380382534, 0.3332
289, 380421102, 0.3352
290, 380459022, 0.3368
291, 380496084, 0.3376
292, 380531063, 0.3384
293, 380565371, 0.3388
294, 380600028, 0.3396
295, 380636370, 0.3408
296, 380670856, 0.3412
297, 380706463, 0.3416
298, 380741941, 0.3424
299, 380781153, 0.3436
300, 380819415, 0.3444
301, 380857100, 0.3452
302, 380893153, 0.3464
303, 380933551, 0.3476
304, 380971755, 0.3484
305, 381009299, 0.3496
306, 381049064, 0.3508
307, 381085800, 0.352
308, 381124590, 0.3528
309, 381161752, 0.354
310, 381200687, 0.3552
311, 381240477, 0.3564
312, 381280127, 0.3576
313, 381320665, 0.3584
314, 381359138, 0.3592
315, 381396550, 0.36
316, 381464132, 0.3608
317, 381507561, 0.3616
318, 381878594, 0.3624
319, 382344331, 0.3632
320, 388014257, 0.364
321, 388132846, 0.3648
322, 388233276, 0.3648
323, 388318949, 0.3648
324, 388389228, 0.3648
325, 388451756, 0.3648
326, 388528499, 0.3656
327, 388589578, 0.3664
328, 388646692, 0.3676
329, 388711591, 0.368
330, 388762890, 0.3684
331, 388817250, 0.3692
332, 388869785, 0.3704
333, 388918620, 0.3712
334, 388989575, 0.3724
335, 389042735, 0.3732
336, 389096821, 0.3748
337, 389161332, 0.376
338, 389211753, 0.3772
339, 389267044, 0.378
340, 389317532, 0.3784
341, 389387617, 0.3788
342, 389525177, 0.3792
343, 389614401, 0.3796
344, 389673317, 0.3804
345, 389726519, 0.3812
346, 389780248, 0.3824
347, 389837073, 0.3844
348, 389882761, 0.386
349, 389930282, 0.388
350, 389979827, 0.39
351, 390042276, 0.3916
352, 390091515, 0.3936
353, 390137035, 0.3952
354, 390191360, 0.3964
355, 390249968, 0.3988
356, 390323036, 0.4004
357, 390386767, 0.4024
358, 390462339, 0.4044
359, 390529465, 0.4064
360, 390590329, 0.4072
361, 390649431, 0.408
362, 390714640, 0.4096
363, 390771698, 0.4116
364, 390827589, 0.4124
365, 390933665, 0.4136
366, 391006450, 0.4144
367, 391049664, 0.4152
368, 391099365, 0.4164
369, 391138464, 0.4172
370, 391175388, 0.418
371, 391212694, 0.4188
372, 391249584, 0.42
373, 391285286, 0.422
374, 391325178, 0.4236
375, 391387715, 0.4244
376, 391428743, 0.4248
377, 391467128, 0.426
378, 391506798, 0.4276
379, 391545460, 0.4296
380, 391585681, 0.4316
381, 391628453, 0.4324
382, 391668820, 0.4328
383, 391710629, 0.4332
384, 391756178, 0.4332
385, 391802768, 0.4336
386, 391841662, 0.434
387, 391879356, 0.434
388, 391920996, 0.434
389, 391959695, 0.434
390, 391995738, 0.434
391, 392035148, 0.434
392, 392072746, 0.4348
393, 392110353, 0.4352
394, 392147053, 0.4356
395, 392184207, 0.4364
396, 392223367, 0.4376
397, 392258414, 0.4388
398, 392293310, 0.44
399, 392329428, 0.442
400, 392366380, 0.4432
401, 392403975, 0.4448
402, 392440752, 0.446
403, 392475984, 0.4468
404, 392510975, 0.4484
405, 392546015, 0.4492
406, 392580379, 0.4496
407, 392616646, 0.4504
408, 392652645, 0.4512
409, 392703418, 0.4524
410, 392747711, 0.4528
411, 392786216, 0.4536
412, 392824089, 0.4544
413, 392862188, 0.4552
414, 392902956, 0.4564
415, 392942676, 0.4576
416, 392983343, 0.4588
417, 393026382, 0.4596
418, 393064344, 0.4608
419, 393103119, 0.4616
420, 393141980, 0.4628
421, 393198684, 0.4636
422, 393238327, 0.4648
423, 393277050, 0.4652
424, 393315079, 0.4652
425, 393351789, 0.4652
426, 393388215, 0.4656
427, 393451110, 0.4664
428, 393491116, 0.4668
429, 393532778, 0.4668
430, 393571742, 0.4668
431, 393614213, 0.4668
432, 393651012, 0.4668
433, 393686873, 0.4668
434, 393723180, 0.4676
435, 393759547, 0.4684
436, 393795152, 0.4688
437, 393831541, 0.4692
438, 393878458, 0.47
439, 393920785, 0.4708
440, 393955370, 0.4716
441, 393996636, 0.4728
442, 394031167, 0.474
443, 394065208, 0.4752
444, 394098856, 0.4756
445, 394141639, 0.4756
446, 394187957, 0.4756
447, 394229985, 0.4756
448, 394272308, 0.476
449, 394304815, 0.4764
450, 394335393, 0.4764
451, 394383493, 0.4768
452, 394415204, 0.4776
453, 394447556, 0.4784
454, 394480069, 0.4788
455, 394512184, 0.4792
456, 394560668, 0.48
457, 394594025, 0.4808
458, 394626951, 0.4816
459, 394662002, 0.4824
460, 394696058, 0.4832
461, 394728832, 0.4836
462, 394762588, 0.4836
463, 394795287, 0.484
464, 394829311, 0.4844
465, 394865866, 0.4844
466, 394897026, 0.4848
467, 394929323, 0.4848
468, 394960970, 0.4848
469, 394992213, 0.4856
470, 395028929, 0.4868
471, 395063992, 0.488
472, 395097961, 0.4888
473, 395131358, 0.49
474, 395165968, 0.4908
475, 395200850, 0.4916
476, 395234674, 0.4924
477, 395267285, 0.4932
478, 395300509, 0.494
479, 395333909, 0.4944
480, 395366460, 0.4952
481, 395398246, 0.4956
482, 395430348, 0.4956
483, 395462703, 0.4956
484, 395494154, 0.4956
485, 395526120, 0.4956
486, 395558598, 0.496
487, 395590708, 0.4964
488, 395625023, 0.4964
489, 395655805, 0.4964
490, 395686179, 0.4964
491, 395716972, 0.4964
492, 395748100, 0.4968
493, 395778875, 0.4968
494, 395809169, 0.4968
495, 395877432, 0.4976
496, 395909853, 0.4988
497, 395942211, 0.4996
498, 395974956, 0.5004
499, 396007268, 0.5012
500, 396039142, 0.5024
501, 396072005, 0.5032
502, 396107840, 0.5044
503, 396142684, 0.5052
504, 396177237, 0.506
505, 396213205, 0.5068
506, 396246693, 0.5076
507, 396277902, 0.5088
508, 396309332, 0.51
509, 396339916, 0.5112
510, 396370981, 0.5124
511, 396404602, 0.5132
512, 396504099, 0.514
513, 396740093, 0.5148
514, 396785084, 0.5156
515, 396830086, 0.5164
516, 396868583, 0.5164
517, 396903496, 0.5164
518, 396935392, 0.5172
519, 396968288, 0.5176
520, 397001274, 0.5184
521, 397032947, 0.5196
522, 397064809, 0.52
523, 397095150, 0.5204
524, 397125190, 0.5204
525, 397155720, 0.5204
526, 397187005, 0.5204
527, 397217227, 0.5204
528, 397249008, 0.5204
529, 397279427, 0.5208
530, 397312966, 0.5216
531, 397342454, 0.5224
532, 397372501, 0.5224
533, 397403120, 0.5232
534, 397728440, 0.5232
535, 397765766, 0.5244
536, 397798462, 0.5248
537, 397831706, 0.5252
538, 397863951, 0.5252
539, 397894608, 0.5256
540, 397925190, 0.5268
541, 397956401, 0.5268
542, 397988584, 0.5272
543, 398018965, 0.5284
544, 398050519, 0.5292
545, 398079582, 0.5292
546, 398109415, 0.5292
547, 398140661, 0.5292
548, 398170845, 0.5292
549, 398205124, 0.5296
550, 398239691, 0.5304
551, 398272679, 0.5316
552, 398306379, 0.5328
553, 398337548, 0.5336
554, 398368504, 0.534
555, 398399717, 0.5344
556, 398430830, 0.5344
557, 398460852, 0.5344
558, 398493278, 0.5348
559, 398522456, 0.536
560, 398552994, 0.5372
561, 398583340, 0.5384
562, 398627901, 0.5392
563, 398659707, 0.54
564, 398690104, 0.5412
565, 399085875, 0.5424
566, 399560112, 0.5432
567, 399622732, 0.5444
568, 399663925, 0.5452
569, 399698780, 0.546
570, 399732029, 0.5472
571, 399764846, 0.548
572, 399795719, 0.5492
573, 399827970, 0.55
574, 399859456, 0.5508
575, 399893339, 0.5512
576, 399924326, 0.5516
577, 399958135, 0.5516
578, 400025104, 0.5516
579, 400060492, 0.5516
580, 400092776, 0.5524
581, 400123186, 0.5532
582, 400158404, 0.554
583, 400192569, 0.5552
584, 400226087, 0.5568
585, 400260931, 0.5576
586, 400292602, 0.5588
587, 400323287, 0.5596
588, 400353627, 0.56
589, 400384908, 0.5604
590, 400413472, 0.5616
591, 400443497, 0.5632
592, 400473498, 0.5644
593, 400503157, 0.5656
594, 400532740, 0.5676
595, 400564370, 0.5696
596, 400594706, 0.5716
597, 400628069, 0.5732
598, 400660451, 0.5748
599, 400690911, 0.5764
600, 400720867, 0.578
601, 400756255, 0.58
602, 400816388, 0.5808
603, 400850494, 0.5824
604, 400892610, 0.5844
605, 400923385, 0.586
606, 400953760, 0.5876
607, 400997198, 0.5896
608, 401028335, 0.5916
609, 401057939, 0.5932
610, 401100037, 0.594
611, 401132208, 0.5952
612, 401163847, 0.5964
613, 401195915, 0.5972
614, 401227459, 0.5984
615, 401261564, 0.5996
616, 401292176, 0.6012
617, 401324016, 0.602
618, 401356062, 0.6032
619, 401387498, 0.6044
620, 401430062, 0.6056
621, 401461236, 0.6064
622, 401492014, 0.6068
623, 401522608, 0.6076
624, 401558872, 0.6088
625, 401589747, 0.6096
626, 401619002, 0.6096
627, 401647322, 0.6096
628, 401685192, 0.61
629, 401715342, 0.6112
630, 401744281, 0.6124
631, 401773095, 0.6136
632, 401803142, 0.6148
633, 401832949, 0.6156
634, 401863287, 0.616
635, 401895791, 0.6168
636, 401949676, 0.618
637, 401982773, 0.6192
638, 402012178, 0.6204
639, 402295158, 0.6216
640, 402344815, 0.6232
641, 402391345, 0.6252
642, 402425247, 0.626
643, 402463775, 0.6272
644, 402491829, 0.628
645, 402520219, 0.6284
646, 402547845, 0.6292
647, 402575355, 0.63
648, 402603053, 0.6312
649, 402632043, 0.632
650, 402659421, 0.6324
651, 402688507, 0.6328
652, 402714940, 0.6332
653, 402742472, 0.6336
654, 402768743, 0.634
655, 402794748, 0.634
656, 402820555, 0.634
657, 402846807, 0.634
658, 402874693, 0.634
659, 402902026, 0.634
660, 402929500, 0.634
661, 402955867, 0.634
662, 402982366, 0.634
663, 403009082, 0.634
664, 403035969, 0.634
665, 403062618, 0.6344
666, 403089514, 0.6348
667, 403116394, 0.636
668, 403144742, 0.6372
669, 403174265, 0.6372
670, 403203155, 0.6372
671, 403232136, 0.6372
672, 403258979, 0.6372
673, 403285991, 0.6372
674, 403313395, 0.6372
675, 403340142, 0.6372
676, 403366629, 0.6372
677, 403392196, 0.6372
678, 403417575, 0.6372
679, 403446261, 0.6372
680, 403494583, 0.6372
681, 403522861, 0.6376
682, 403548305, 0.6384
683, 403573162, 0.6388
684, 403598970, 0.6396
685, 403622875, 0.6404
686, 403647961, 0.6404
687, 403672473, 0.6412
688, 403698394, 0.642
689, 403725349, 0.6424
690, 403761970, 0.6432
691, 403788936, 0.644
692, 403815521, 0.6448
693, 403841900, 0.6452
694, 403866660, 0.6464
695, 403890861, 0.6476
696, 403914087, 0.6488
697, 403937180, 0.6496
698, 403962599, 0.6504
699, 403987439, 0.6516
700, 404016197, 0.6532
701, 404051030, 0.654
702, 404076022, 0.6548
703, 404098837, 0.6556
704, 404121813, 0.6564
705, 404144311, 0.6572
706, 404171540, 0.6572
707, 404195101, 0.6576
708, 404218904, 0.6576
709, 404243154, 0.6576
710, 404266903, 0.6584
711, 404293919, 0.6592
712, 404317550, 0.66
713, 404339861, 0.6612
714, 404364036, 0.6616
715, 404410467, 0.6616
716, 404435814, 0.6616
717, 404460850, 0.6616
718, 404486808, 0.6616
719, 404513785, 0.662
720, 404538219, 0.6632
721, 404563632, 0.6644
722, 404589934, 0.6652
723, 404617306, 0.666
724, 404643332, 0.6668
725, 404668316, 0.6676
726, 404693113, 0.6684
727, 404717827, 0.6692
728, 404741335, 0.67
729, 404769845, 0.6708
730, 404793733, 0.672
731, 404815962, 0.672
732, 404839262, 0.672
733, 404862062, 0.672
734, 404884304, 0.6728
735, 404908305, 0.6736
736, 404934304, 0.6752
737, 404958387, 0.6764
738, 404982187, 0.6764
739, 405006672, 0.6764
740, 405031031, 0.6768
741, 405055847, 0.6776
742, 405079986, 0.6788
743, 405102978, 0.6792
744, 405126665, 0.68
745, 405149788, 0.6812
746, 405173583, 0.6828
747, 405198249, 0.6848
748, 405222375, 0.6856
749, 405246566, 0.6856
750, 405269735, 0.6856
751, 405292983, 0.6856
752, 405317211, 0.6856
753, 405342146, 0.6856
754, 405366127, 0.6864
755, 405392729, 0.6876
756, 405426875, 0.6884
757, 405451753, 0.6896
758, 405477986, 0.6904
759, 405503149, 0.6916
760, 405528360, 0.6924
761, 405552847, 0.6928
762, 405577346, 0.6928
763, 405601950, 0.6928
764, 405625058, 0.6932
765, 405650057, 0.6936
766, 405675083, 0.6944
767, 405699561, 0.6952
768, 405728983, 0.6964
769, 405763595, 0.6976
770, 405790228, 0.6984
771, 405862631, 0.6988
772, 405889045, 0.6996
773, 405911744, 0.7004
774, 405933449, 0.7012
775, 405956764, 0.702
776, 405980843, 0.7028
777, 406003602, 0.704
778, 406025922, 0.7048
779, 406048744, 0.7048
780, 406073366, 0.7048
781, 406094714, 0.7048
782, 406116769, 0.7048
783, 406137600, 0.7048
784, 406159489, 0.7048
785, 406180820, 0.7048
786, 406202683, 0.7048
787, 406224240, 0.7048
788, 406246518, 0.7048
789, 406269505, 0.7048
790, 406291633, 0.7048
791, 406314262, 0.7048
792, 406335495, 0.7048
793, 406420760, 0.7048
794, 406453051, 0.7052
795, 406481432, 0.706
796, 406508976, 0.7068
797, 406537193, 0.7072
798, 406564994, 0.7084
799, 406591637, 0.7096
800, 406699069, 0.7104
801, 406728898, 0.7108
802, 406756212, 0.7116
803, 406780498, 0.7128
804, 406805048, 0.714
805, 406829192, 0.7152
806, 406853686, 0.7168
807, 406877340, 0.718
808, 406900928, 0.7188
809, 406923769, 0.7196
810, 406946441, 0.72
811, 406969141, 0.7204
812, 406991802, 0.7208
813, 407017733, 0.7208
814, 407043191, 0.7208
815, 407081138, 0.7208
816, 407107783, 0.7216
817, 407133139, 0.7228
818, 407160041, 0.7236
819, 407185860, 0.7252
820, 407209054, 0.726
821, 407231973, 0.7264
822, 407254763, 0.7264
823, 407277059, 0.7268
824, 407300397, 0.7272
825, 407323564, 0.728
826, 407346253, 0.7292
827, 407369528, 0.7304
828, 407392845, 0.7308
829, 407416452, 0.7308
830, 407438826, 0.7308
831, 407460985, 0.7308
832, 407482597, 0.7308
833, 407504488, 0.7308
834, 407649830, 0.7308
835, 407677682, 0.7316
836, 407701025, 0.7316
837, 413799531, 0.7316
838, 413981722, 0.7316
839, 414058919, 0.7316
840, 414100986, 0.7316
841, 414137850, 0.7316
842, 414169382, 0.7316
843, 414209626, 0.732
844, 414244062, 0.732
845, 414275943, 0.732
846, 414306411, 0.732
847, 414334733, 0.732
848, 414376519, 0.732
849, 414404516, 0.732
850, 414429604, 0.732
851, 414466834, 0.7324
852, 414493664, 0.7328
853, 414532993, 0.7328
854, 414561180, 0.7328
855, 414586666, 0.7328
856, 414611207, 0.7328
857, 414635361, 0.7328
858, 414663149, 0.7328
859, 414690115, 0.7328
860, 414716543, 0.7328
861, 414748617, 0.7328
862, 414780413, 0.7328
863, 414825722, 0.7332
864, 414857090, 0.7336
865, 414886326, 0.7336
866, 414927443, 0.7336
867, 414952317, 0.7336
868, 414980197, 0.7336
869, 415007287, 0.7336
870, 415034745, 0.734
871, 415058535, 0.7344
872, 415084985, 0.7344
873, 415111192, 0.7344
874, 415144434, 0.7344
875, 415168744, 0.7348
876, 415198128, 0.7352
877, 415226080, 0.7352
878, 415311691, 0.7352
879, 415363487, 0.7352
880, 415396817, 0.736
881, 415427580, 0.7372
882, 415459377, 0.738
883, 415539810, 0.7392
884, 415565933, 0.7404
885, 415588668, 0.7412
886, 415608214, 0.742
887, 415629485, 0.7428
888, 415651683, 0.744
889, 415673500, 0.7452
890, 415696942, 0.746
891, 415720734, 0.7472
892, 415743406, 0.748
893, 415764120, 0.7488
894, 416755573, 0.7496
895, 416793656, 0.7508
896, 416819974, 0.752
897, 416856892, 0.754
898, 416879878, 0.7552
899, 416901633, 0.7564
900, 416926523, 0.758
901, 416948930, 0.7596
902, 416968617, 0.7612
903, 417011204, 0.762
904, 417037352, 0.7632
905, 417058441, 0.764
906, 417078794, 0.764
907, 417097954, 0.764
908, 417115918, 0.764
909, 417134469, 0.7644
910, 417153943, 0.7648
911, 417175529, 0.7652
912, 417198176, 0.7652
913, 417218793, 0.7652
914, 417239454, 0.7652
915, 417262630, 0.7652
916, 417285453, 0.7656
917, 417307803, 0.7664
918, 417330994, 0.7672
919, 417354328, 0.7672
920, 417376326, 0.768
921, 417398099, 0.7684
922, 417432290, 0.7692
923, 417454923, 0.7696
924, 417478222, 0.77
925, 417501477, 0.7704
926, 417525693, 0.7708
927, 417548594, 0.7708
928, 417569232, 0.7708
929, 417588302, 0.7712
930, 417607380, 0.7724
931, 417627112, 0.7732
932, 417646402, 0.774
933, 417665878, 0.7748
934, 417684913, 0.7756
935, 417705584, 0.776
936, 417727606, 0.7768
937, 417751800, 0.7776
938, 417776517, 0.7784
939, 417800864, 0.7792
940, 417825587, 0.78
941, 417850395, 0.7804
942, 417875610, 0.7808
943, 417899885, 0.7808
944, 417923153, 0.7808
945, 417945531, 0.7812
946, 417966361, 0.782
947, 417986781, 0.7828
948, 418007862, 0.784
949, 418027989, 0.7848
950, 418051911, 0.7856
951, 418072583, 0.786
952, 418094151, 0.7864
953, 418117247, 0.7872
954, 418140814, 0.7876
955, 418164517, 0.788
956, 418188537, 0.788
957, 418213988, 0.788
958, 418236030, 0.788
959, 418259824, 0.788
960, 418282836, 0.788
961, 418306450, 0.788
962, 418330298, 0.7884
963, 418352991, 0.7888
964, 418393366, 0.7888
965, 418418847, 0.7888
966, 418443762, 0.7888
967, 418468729, 0.7888
968, 418492970, 0.7888
969, 418518371, 0.7888
970, 418543707, 0.7888
971, 418568772, 0.7888
972, 418594168, 0.7892
973, 418619369, 0.79
974, 418643814, 0.7908
975, 418669259, 0.7908
976, 418695018, 0.7908
977, 418718711, 0.7908
978, 418740322, 0.7908
979, 418761725, 0.7908
980, 418939957, 0.7908
981, 418991860, 0.7908
982, 419020091, 0.7908
983, 419043506, 0.7916
984, 419066030, 0.7924
985, 419089503, 0.7936
986, 419113834, 0.7944
987, 419137732, 0.7956
988, 419162405, 0.7964
989, 419186803, 0.7972
990, 419211315, 0.798
991, 419236179, 0.7992
992, 419258947, 0.7996
993, 419280800, 0.7996
994, 419301245, 0.8
995, 419321150, 0.8008
996, 419341209, 0.8016
997, 419360990, 0.8028
998, 419380722, 0.8036
999, 419399780, 0.8056
1000, 419420474, 0.8072
1001, 419441756, 0.8088
1002, 419462079, 0.8104
1003, 419482186, 0.812
1004, 419502046, 0.8132
1005, 419523860, 0.8144
1006, 419546049, 0.816
1007, 419569286, 0.8176
1008, 419593568, 0.8196
1009, 419618827, 0.8208
1010, 419643210, 0.822
1011, 419667964, 0.824
1012, 419693435, 0.8264
1013, 419717136, 0.8284
1014, 419738871, 0.8296
1015, 419758849, 0.83
1016, 419780011, 0.8308
1017, 419805803, 0.832
1018, 419827919, 0.8332
1019, 419849790, 0.8344
1020, 419871442, 0.8352
1021, 419893347, 0.8372
1022, 419922453, 0.8384
1023, 419944313, 0.8384
1024, 419966824, 0.8384
1025, 420008067, 0.8392
1026, 420031687, 0.8396
1027, 420054415, 0.8396
1028, 420077412, 0.8396
1029, 420100873, 0.8396
1030, 420126750, 0.84
1031, 420149273, 0.8404
1032, 420170767, 0.8412
1033, 420196726, 0.842
1034, 420221276, 0.8428
1035, 420245318, 0.8436
1036, 420268458, 0.8444
1037, 420291437, 0.8448
1038, 420315507, 0.8456
1039, 420339861, 0.8464
1040, 420364486, 0.8468
1041, 420390735, 0.8472
1042, 420413743, 0.8476
1043, 420434751, 0.848
1044, 420455744, 0.848
1045, 420476950, 0.848
1046, 420498641, 0.848
1047, 420519169, 0.8496
1048, 420541785, 0.8512
1049, 420566012, 0.8528
1050, 420592017, 0.8552
1051, 420615429, 0.8572
1052, 420637885, 0.8584
1053, 420659253, 0.8592
1054, 420681149, 0.86
1055, 420702649, 0.8608
1056, 420724519, 0.8624
1057, 420745939, 0.864
1058, 420767147, 0.8656
1059, 420788458, 0.8672
1060, 420809007, 0.8688
1061, 420830359, 0.8704
1062, 420853593, 0.8708
1063, 420878329, 0.8716
1064, 420902392, 0.8724
1065, 420926988, 0.8744
1066, 420950984, 0.8764
1067, 420974454, 0.8776
1068, 420997106, 0.8784
1069, 421018840, 0.8788
1070, 421042599, 0.8796
1071, 421063010, 0.8808
1072, 421083477, 0.8824
1073, 421103761, 0.884
1074, 421124148, 0.8856
1075, 421145296, 0.8868
1076, 421167082, 0.8872
1077, 421190530, 0.8884
1078, 421216196, 0.8896
1079, 421242021, 0.8908
1080, 421268258, 0.8916
1081, 421293401, 0.892
1082, 421316062, 0.8928
1083, 421337485, 0.8932
1084, 421359017, 0.8936
1085, 421380855, 0.894
1086, 421400986, 0.8948
1087, 421433547, 0.8952
1088, 421454305, 0.8956
1089, 421475516, 0.8964
1090, 421498475, 0.8964
1091, 421523001, 0.8964
1092, 421547596, 0.8968
1093, 421571714, 0.8968
1094, 421596266, 0.8968
1095, 421617023, 0.8968
1096, 421637189, 0.8968
1097, 421657424, 0.8968
1098, 421678383, 0.8968
1099, 421699520, 0.8968
1100, 421720722, 0.8968
1101, 421741892, 0.8968
1102, 421762996, 0.8968
1103, 421783650, 0.8968
1104, 421804479, 0.8968
1105, 421825739, 0.8968
1106, 421847431, 0.8968
1107, 421868499, 0.8968
1108, 421888773, 0.8968
1109, 421911773, 0.8968
1110, 421932592, 0.8968
1111, 421954196, 0.8968
1112, 421974211, 0.8972
1113, 421994100, 0.898
1114, 422015937, 0.8988
1115, 422036346, 0.8996
1116, 422056223, 0.8996
1117, 422074956, 0.8996
1118, 422095994, 0.8996
1119, 422115797, 0.8996
1120, 422136529, 0.8996
1121, 422156016, 0.8996
1122, 422175714, 0.8996
1123, 422195748, 0.8996
1124, 422215796, 0.8996
1125, 422235853, 0.9
1126, 422255501, 0.9
1127, 422273974, 0.9
1128, 422293559, 0.9
1129, 422312703, 0.9
1130, 422332352, 0.9
1131, 422351467, 0.9
1132, 422371343, 0.9
1133, 422392089, 0.9
1134, 422411817, 0.9
1135, 422431068, 0.9
1136, 422450824, 0.9
1137, 422470721, 0.9
1138, 422490106, 0.9
1139, 422510820, 0.9
1140, 422531434, 0.9
1141, 422554299, 0.9
1142, 422573888, 0.9
1143, 422593904, 0.9
1144, 422613047, 0.9
1145, 422632221, 0.9008
1146, 422673912, 0.9012
1147, 422713914, 0.9012
1148, 422751855, 0.9012
1149, 422790771, 0.9012
1150, 422829431, 0.9012
1151, 422868142, 0.9012
1152, 422909530, 0.9012
1153, 422980328, 0.9012
1154, 423019709, 0.9012
1155, 423057515, 0.9012
1156, 423095515, 0.9012
1157, 423132470, 0.9012
1158, 423169852, 0.9012
1159, 423205535, 0.9012
1160, 423242656, 0.9012
1161, 423280372, 0.9012
1162, 423315793, 0.9012
1163, 423351057, 0.9016
1164, 423389357, 0.902
1165, 423429117, 0.9024
1166, 423468831, 0.9028
1167, 423505691, 0.9028
1168, 423542952, 0.9028
1169, 423583334, 0.9028
1170, 423621944, 0.9028
1171, 423659931, 0.9028
1172, 423699298, 0.9028
1173, 423738307, 0.9028
1174, 423774362, 0.9028
1175, 423810263, 0.9028
1176, 423847109, 0.9028
1177, 423885595, 0.9028
1178, 423922211, 0.9032
1179, 423960345, 0.9036
1180, 423998449, 0.904
1181, 424036059, 0.904
1182, 424073339, 0.904
1183, 424109082, 0.904
1184, 424149638, 0.904
1185, 424318202, 0.904
1186, 424373040, 0.904
1187, 431270855, 0.904
1188, 431417223, 0.904
1189, 431515912, 0.904
1190, 431592305, 0.904
1191, 431648675, 0.9044
1192, 431743461, 0.9044
1193, 431804640, 0.9044
1194, 431856902, 0.9044
1195, 431920564, 0.9048
1196, 431966575, 0.9052
1197, 432017467, 0.906
1198, 433051691, 0.9064
1199, 433133084, 0.9064
1200, 433188866, 0.9064
1201, 433235298, 0.9064
1202, 433278755, 0.9064
1203, 433322101, 0.9064
1204, 433364973, 0.9068
1205, 433403806, 0.9072
1206, 433449691, 0.9072
1207, 433487019, 0.9072
1208, 433528316, 0.9072
1209, 433563390, 0.9072
1210, 433597663, 0.9076
1211, 433635972, 0.9076
1212, 433675819, 0.9076
1213, 433714977, 0.9076
1214, 433751228, 0.9076
1215, 433789801, 0.9076
1216, 433831512, 0.9076
1217, 433870999, 0.9076
1218, 433908007, 0.9076
1219, 433943173, 0.9076
1220, 433979158, 0.9076
1221, 434017923, 0.9076
1222, 434057967, 0.9076
1223, 434097117, 0.9076
1224, 434140308, 0.9076
1225, 434179525, 0.9076
1226, 434220431, 0.908
1227, 434262362, 0.908
1228, 434303471, 0.908
1229, 434343755, 0.908
1230, 434385553, 0.908
1231, 434428786, 0.908
1232, 434470403, 0.908
1233, 434517019, 0.908
1234, 434559527, 0.908
1235, 434602178, 0.908
1236, 434644644, 0.908
1237, 434687266, 0.908
1238, 434728979, 0.908
1239, 434771924, 0.908
1240, 434812220, 0.908
1241, 434853462, 0.908
1242, 434894171, 0.908
1243, 434934721, 0.908
1244, 434974522, 0.908
1245, 435012657, 0.908
1246, 435052372, 0.908
1247, 435094598, 0.908
1248, 435137570, 0.9084
1249, 435180782, 0.9084
1250, 435224049, 0.9084
1251, 435266352, 0.9084
1252, 435305126, 0.9084
1253, 435342630, 0.9084
1254, 435377988, 0.9084
1255, 435417347, 0.9084
1256, 435454956, 0.9084
1257, 435491965, 0.9084
1258, 435527527, 0.9084
1259, 435565248, 0.9084
1260, 435605903, 0.9084
1261, 435642885, 0.9084
1262, 435679140, 0.9084
1263, 435717361, 0.9084
1264, 435752583, 0.9084
1265, 435788103, 0.9084
1266, 435824677, 0.9084
1267, 435865679, 0.9084
1268, 435906910, 0.9084
1269, 435946628, 0.9084
1270, 435991684, 0.9084
1271, 436051697, 0.9084
1272, 436094982, 0.9084
1273, 436138910, 0.9084
1274, 436183066, 0.9084
1275, 436225951, 0.9084
1276, 436268154, 0.9084
1277, 436310394, 0.9084
1278, 436353010, 0.9084
1279, 436394552, 0.9084
1280, 436438309, 0.9084
1281, 436506996, 0.9084
1282, 436549958, 0.9084
1283, 436591956, 0.9084
1284, 436632927, 0.9084
1285, 436674357, 0.9084
1286, 436710938, 0.9084
1287, 436746832, 0.9084
1288, 436783550, 0.9084
1289, 436821978, 0.9084
1290, 436862647, 0.9084
1291, 436901869, 0.9084
1292, 436941959, 0.9084
1293, 436983999, 0.9084
1294, 437023154, 0.9084
1295, 437063145, 0.9084
1296, 437103979, 0.9084
1297, 437146533, 0.9084
1298, 437190419, 0.9084
1299, 437232760, 0.9084
1300, 437273569, 0.9084
1301, 437315153, 0.9084
1302, 437355512, 0.9084
1303, 437396344, 0.9084
1304, 437448919, 0.9084
1305, 437491368, 0.9084
1306, 437534107, 0.9084
1307, 437575851, 0.9084
1308, 437615394, 0.9084
1309, 437661373, 0.9084
1310, 437700330, 0.9084
1311, 437737940, 0.9084
1312, 437777066, 0.9084
1313, 437818994, 0.9084
1314, 437859271, 0.9084
1315, 437899005, 0.9084
1316, 437942218, 0.9084
1317, 437983680, 0.9084
1318, 438026097, 0.9084
1319, 438068231, 0.9084
1320, 438111049, 0.9084
1321, 438151360, 0.9084
1322, 438189188, 0.9084
1323, 438227773, 0.9084
1324, 438267864, 0.9084
1325, 438303428, 0.9084
1326, 438339292, 0.9084
1327, 438376945, 0.9084
1328, 438412397, 0.9084
1329, 438450225, 0.9084
1330, 438487536, 0.9084
1331, 438523679, 0.9084
1332, 438561544, 0.9084
1333, 438596673, 0.9084
1334, 438632602, 0.9084
1335, 438669709, 0.9084
1336, 438708013, 0.9084
1337, 438744559, 0.9084
1338, 438782591, 0.9084
1339, 438817302, 0.9084
1340, 438857361, 0.9084
1341, 438894458, 0.9084
1342, 438930668, 0.9084
1343, 438963571, 0.9084
1344, 438998501, 0.9084
1345, 439032639, 0.9084
1346, 439068155, 0.9084
1347, 439107814, 0.9084
1348, 439145163, 0.9084
1349, 439179740, 0.9084
1350, 439215068, 0.9084
1351, 439249381, 0.9084
1352, 439284999, 0.9084
1353, 439321309, 0.9084
1354, 439358374, 0.9084
1355, 439398766, 0.9084
1356, 439436233, 0.9084
1357, 439472934, 0.9084
1358, 439509135, 0.9084
1359, 439543059, 0.9084
1360, 439578630, 0.9084
1361, 439613463, 0.9084
1362, 439647347, 0.9084
1363, 439687213, 0.9084
1364, 439724498, 0.9084
1365, 439765173, 0.9084
1366, 439802391, 0.9084
1367, 439837203, 0.9084
1368, 439872534, 0.9084
1369, 439906177, 0.9084
1370, 439944869, 0.9084
1371, 439980602, 0.9084
1372, 440019629, 0.9084
1373, 440056477, 0.9084
1374, 440092400, 0.9084
1375, 440127524, 0.9084
1376, 440163669, 0.9084
1377, 440200184, 0.9084
1378, 440238192, 0.9084
1379, 440273288, 0.9084
1380, 440307669, 0.9084
1381, 440344485, 0.9084
1382, 440381059, 0.9084
1383, 440418125, 0.9084
1384, 440455076, 0.9088
1385, 440494372, 0.9088
1386, 440535185, 0.9088
1387, 440573581, 0.9092
1388, 440610873, 0.9096
1389, 440650207, 0.91
1390, 440688669, 0.91
1391, 440726719, 0.9104
1392, 440764214, 0.9112
1393, 440801976, 0.9116
1394, 441015859, 0.9116
1395, 441084045, 0.9116
1396, 445377510, 0.912
1397, 445516812, 0.912
1398, 445631583, 0.912
1399, 446050320, 0.912
1400, 446215686, 0.912
1401, 446410612, 0.912
1402, 446510967, 0.912
1403, 446573466, 0.912
1404, 446629768, 0.912
1405, 446681471, 0.912
1406, 446725392, 0.912
1407, 446774433, 0.912
1408, 446837665, 0.912
1409, 447029117, 0.912
1410, 447109330, 0.912
1411, 447171397, 0.9124
1412, 447233754, 0.9124
1413, 447309157, 0.9124
1414, 447377872, 0.9124
1415, 447423763, 0.9132
1416, 447467809, 0.9144
1417, 447661622, 0.9148
1418, 447754112, 0.9148
1419, 447820763, 0.9148
1420, 447871382, 0.9148
1421, 447920534, 0.9152
1422, 447969410, 0.916
1423, 448021152, 0.916
1424, 448166908, 0.916
1425, 448250825, 0.916
1426, 448302677, 0.916
1427, 448352513, 0.916
1428, 448403017, 0.916
1429, 448458157, 0.916
1430, 448532532, 0.916
1431, 448569723, 0.916
1432, 448678349, 0.916
1433, 448723668, 0.916
1434, 448763590, 0.916
1435, 448800146, 0.916
1436, 448839771, 0.916
1437, 448879956, 0.916
1438, 448919432, 0.916
1439, 448959123, 0.916
1440, 449951152, 0.916
1441, 450087331, 0.916
1442, 450137535, 0.916
1443, 450178150, 0.916
1444, 450217203, 0.916
1445, 450255208, 0.916
1446, 450291141, 0.916
1447, 450326616, 0.916
1448, 450481001, 0.916
1449, 450526542, 0.916
1450, 450564565, 0.916
1451, 450599326, 0.916
1452, 450635806, 0.916
1453, 450670368, 0.916
1454, 450703997, 0.916
1455, 450776244, 0.9164
1456, 450843152, 0.9164
1457, 450880892, 0.9164
1458, 450915880, 0.9164
1459, 450951558, 0.9164
1460, 450987727, 0.9164
1461, 451023814, 0.9164
1462, 451059533, 0.9164
1463, 451151733, 0.9168
1464, 451190996, 0.9168
1465, 451230029, 0.9168
1466, 451267142, 0.9168
1467, 451316088, 0.9168
1468, 451350987, 0.9168
1469, 451386497, 0.9168
1470, 451421207, 0.9168
1471, 451537627, 0.9168
1472, 451575816, 0.9168
1473, 451612649, 0.9168
1474, 451648367, 0.9168
1475, 451684270, 0.9168
1476, 451718790, 0.9168
1477, 451754117, 0.9168
1478, 451813162, 0.9168
1479, 451850316, 0.9168
1480, 451886697, 0.9168
1481, 451922723, 0.9168
1482, 451958111, 0.9168
1483, 451993054, 0.9168
1484, 452026274, 0.9168
1485, 452059592, 0.9168
1486, 452139079, 0.9168
1487, 452174698, 0.9168
1488, 452207269, 0.9168
1489, 452240964, 0.9168
1490, 452275265, 0.9168
1491, 452308882, 0.9168
1492, 452362139, 0.9168
1493, 452395739, 0.9168
1494, 452495449, 0.9168
1495, 452530936, 0.9168
1496, 452565977, 0.9168
1497, 452599191, 0.9168
1498, 452633417, 0.9168
1499, 452669455, 0.9168
1500, 452705516, 0.9168
1501, 452742170, 0.9168
1502, 452870371, 0.9168
1503, 452911079, 0.9172
1504, 452948982, 0.918
1505, 452986259, 0.9188
1506, 453024360, 0.9188
1507, 453062226, 0.9188
1508, 453096751, 0.9192
1509, 453171539, 0.9192
1510, 453208534, 0.9192
1511, 453243255, 0.9192
1512, 453277883, 0.9192
1513, 453312294, 0.9192
1514, 453345070, 0.9192
1515, 453377993, 0.9192
1516, 453420066, 0.9192
1517, 453525821, 0.9192
1518, 453563066, 0.9192
1519, 453595718, 0.9192
1520, 453629070, 0.9192
1521, 453663101, 0.9192
1522, 453697721, 0.9192
1523, 453732339, 0.9192
1524, 453768684, 0.9192
1525, 453903698, 0.9192
1526, 453942603, 0.9192
1527, 453978261, 0.9192
1528, 454012334, 0.9192
1529, 454047283, 0.9192
1530, 454078632, 0.9192
1531, 454110680, 0.9192
1532, 454187188, 0.9192
1533, 454225757, 0.9192
1534, 454261547, 0.9192
1535, 454299847, 0.9192
1536, 454337846, 0.9192
1537, 454377270, 0.9192
1538, 454411310, 0.9192
1539, 454445961, 0.9192
1540, 454562816, 0.9192
1541, 454599794, 0.9192
1542, 454633029, 0.9192
1543, 454665823, 0.9192
1544, 454697918, 0.9192
1545, 454731411, 0.9192
1546, 454765247, 0.9192
1547, 454798978, 0.9192
1548, 454940098, 0.9192
1549, 454977399, 0.9192
1550, 455012675, 0.9192
1551, 455045677, 0.9192
1552, 455079735, 0.9192
1553, 455114314, 0.9192
1554, 455149572, 0.9192
1555, 455232209, 0.9192
1556, 455269293, 0.9192
1557, 455304647, 0.9192
1558, 455340622, 0.9192
1559, 455372181, 0.9192
1560, 455404020, 0.9192
1561, 455437840, 0.9192
1562, 455471124, 0.9192
1563, 455584374, 0.9192
1564, 455620836, 0.9192
1565, 455655078, 0.9192
1566, 455686803, 0.9192
1567, 455720640, 0.9192
1568, 455754226, 0.9192
1569, 455784861, 0.9192
1570, 455845243, 0.9192
1571, 455880992, 0.9192
1572, 455916484, 0.9192
1573, 455952470, 0.9192
1574, 455989562, 0.9192
1575, 456026530, 0.9192
1576, 456063730, 0.9192
1577, 456099646, 0.9192
1578, 456185511, 0.9192
1579, 456224807, 0.9192
1580, 456259511, 0.9192
1581, 456294300, 0.9192
1582, 456330396, 0.9192
1583, 456364058, 0.9192
1584, 456399361, 0.9192
1585, 456424344, 0.9192
1586, 456446639, 0.9192
1587, 456467165, 0.9192
1588, 456488609, 0.9192
1589, 456509163, 0.9192
1590, 456528771, 0.9192
1591, 456547416, 0.9192
1592, 456567115, 0.9192
1593, 456586740, 0.9192
1594, 456605432, 0.9192
1595, 456624839, 0.9192
1596, 456645213, 0.9192
1597, 456665331, 0.9192
1598, 456685658, 0.9192
1599, 456728021, 0.9192
1600, 456748536, 0.9192
1601, 456769274, 0.9192
1602, 456790603, 0.9192
1603, 456810456, 0.9192
1604, 456830319, 0.9192
1605, 456849936, 0.9192
1606, 456869484, 0.9192
1607, 456891533, 0.9192
1608, 456931998, 0.9192
1609, 456951578, 0.9192
1610, 456971055, 0.9192
1611, 456991576, 0.9192
1612, 457011421, 0.9192
1613, 457030792, 0.9192
1614, 457049822, 0.9192
1615, 457069733, 0.9192
1616, 457088646, 0.9192
1617, 457107745, 0.9192
1618, 457126895, 0.9192
1619, 457146223, 0.9192
1620, 457166061, 0.9192
1621, 457203600, 0.9192
1622, 457224357, 0.9192
1623, 457243717, 0.9192
1624, 457263697, 0.9192
1625, 457283952, 0.9192
1626, 457303043, 0.9192
1627, 457323044, 0.9192
1628, 457344508, 0.9192
1629, 457364429, 0.9192
1630, 457384585, 0.9192
1631, 457415557, 0.9192
1632, 457436371, 0.9192
1633, 457456095, 0.9192
1634, 457475456, 0.9192
1635, 457494417, 0.9192
1636, 457512792, 0.9192
1637, 457576025, 0.9192
1638, 457596765, 0.9192
1639, 457619046, 0.9192
1640, 457639414, 0.9192
1641, 457658747, 0.9192
1642, 457677762, 0.9192
1643, 457696278, 0.9192
1644, 457716083, 0.9192
1645, 457754927, 0.9192
1646, 457791231, 0.9192
1647, 462248418, 0.9192
1648, 462304843, 0.9192
1649, 462329044, 0.9192
1650, 462381629, 0.9192
1651, 462404612, 0.9192
1652, 462430163, 0.9192
1653, 462449594, 0.9192
1654, 462921814, 0.9192
1655, 462999485, 0.9192
1656, 463058833, 0.9192
1657, 463095434, 0.9192
1658, 463133763, 0.9192
1659, 463170204, 0.9192
1660, 463199594, 0.9192
1661, 463231374, 0.9192
1662, 463259152, 0.9192
1663, 463291884, 0.9192
1664, 463323107, 0.9192
1665, 463355390, 0.9192
1666, 463380749, 0.9192
1667, 463404640, 0.9192
1668, 463429245, 0.9192
1669, 463451783, 0.9192
1670, 463491746, 0.9192
1671, 463522403, 0.9192
1672, 463560920, 0.9192
1673, 463582065, 0.9192
1674, 463604959, 0.9192
1675, 463625290, 0.9192
1676, 463646000, 0.9192
1677, 463665969, 0.9192
1678, 463687496, 0.9192
1679, 463708520, 0.9192
1680, 463729407, 0.9192
1681, 463748477, 0.9192
1682, 463766861, 0.9192
1683, 463785687, 0.9192
1684, 463814038, 0.9192
1685, 463833979, 0.9192
1686, 463852117, 0.9192
1687, 463870120, 0.9192
1688, 463890814, 0.9192
1689, 463923753, 0.9192
1690, 463949027, 0.9192
1691, 463975109, 0.9192
1692, 464012724, 0.9192
1693, 464038115, 0.9192
1694, 464061607, 0.9192
1695, 464085838, 0.9192
1696, 464122023, 0.9192
1697, 464155123, 0.9192
1698, 464178796, 0.9192
1699, 464203251, 0.9192
1700, 464227789, 0.9192
1701, 464250852, 0.9192
1702, 464270321, 0.9192
1703, 464294319, 0.9192
1704, 464316511, 0.9192
1705, 464340825, 0.9192
1706, 464375114, 0.9192
1707, 464395798, 0.9192
1708, 464423944, 0.9192
1709, 464461086, 0.9192
1710, 464500222, 0.9192
1711, 464525181, 0.9192
1712, 464549122, 0.9192
1713, 464572668, 0.9192
1714, 464594675, 0.9192
1715, 464618865, 0.9192
1716, 464640975, 0.9192
1717, 464666080, 0.9192
1718, 464688541, 0.9192
1719, 464712833, 0.9192
1720, 464739423, 0.9192
1721, 464763657, 0.9192
1722, 464805526, 0.9192
1723, 464828950, 0.9192
1724, 464851908, 0.9192
1725, 464875038, 0.9192
1726, 464908675, 0.9192
1727, 464931961, 0.9192
1728, 464953691, 0.9192
1729, 464973862, 0.9192
1730, 464994547, 0.9192
1731, 465017481, 0.9192
1732, 465038731, 0.9192
1733, 465061108, 0.9192
1734, 465083780, 0.9192
1735, 465104452, 0.9192
1736, 465126875, 0.9192
1737, 465152608, 0.9192
1738, 465173570, 0.9192
1739, 465214656, 0.9192
1740, 465232205, 0.9192
1741, 465247409, 0.9192
1742, 465263423, 0.9192
1743, 465279824, 0.9192
1744, 465296737, 0.9192
1745, 465313292, 0.9192
1746, 465330158, 0.9192
1747, 465348261, 0.9192
1748, 465364846, 0.9192
1749, 465381446, 0.9192
1750, 465397461, 0.9192
1751, 465422636, 0.9192
1752, 465438769, 0.9192
1753, 465460775, 0.9192
1754, 465477848, 0.9192
1755, 465494708, 0.9192
1756, 465510794, 0.9192
1757, 465526899, 0.9192
1758, 465543253, 0.9192
1759, 465560333, 0.9192
1760, 465579380, 0.9192
1761, 465595927, 0.9192
1762, 465612412, 0.9192
1763, 465628988, 0.9192
1764, 465645763, 0.9192
1765, 465661983, 0.9192
1766, 465677327, 0.9192
1767, 465695527, 0.9192
1768, 465711878, 0.9192
1769, 465727781, 0.9192
1770, 465743587, 0.9192
1771, 465760082, 0.9192
1772, 465776812, 0.9192
1773, 465793896, 0.9192
1774, 465810493, 0.9192
1775, 466066077, 0.9192
1776, 466102186, 0.9192
1777, 466130254, 0.9192
1778, 466588249, 0.9192
1779, 466629790, 0.9192
1780, 466650296, 0.9192
1781, 466667307, 0.9192
1782, 466687934, 0.9192
1783, 466705148, 0.9192
1784, 466722292, 0.9192
1785, 466739904, 0.9192
1786, 466759278, 0.9192
1787, 466775240, 0.9192
1788, 466790941, 0.9192
1789, 466808507, 0.9192
1790, 466826204, 0.9192
1791, 466842221, 0.9192
1792, 466862185, 0.9192
1793, 466880831, 0.9192
1794, 466897127, 0.9192
1795, 466912616, 0.9192
1796, 466928388, 0.9192
1797, 466944661, 0.9192
1798, 466960757, 0.9192
1799, 466977021, 0.92
1800, 466994019, 0.9204
1801, 467013098, 0.9204
1802, 467029464, 0.9204
1803, 467045699, 0.9204
1804, 467061472, 0.9204
1805, 467078505, 0.9204
1806, 467094903, 0.9204
1807, 467111346, 0.9204
1808, 467126827, 0.9204
1809, 467142267, 0.9204
1810, 467158549, 0.9204
1811, 467175000, 0.9204
1812, 467191465, 0.9204
1813, 467212448, 0.9204
1814, 467228500, 0.9204
1815, 467245275, 0.9204
1816, 467261601, 0.9204
1817, 467277915, 0.9204
1818, 467294238, 0.9204
1819, 467311008, 0.9204
1820, 467327755, 0.9204
1821, 467344729, 0.9204
1822, 467361131, 0.9204
1823, 467377725, 0.9204
1824, 467394357, 0.9204
1825, 467410634, 0.9204
1826, 467427072, 0.9204
1827, 467448086, 0.9204
1828, 467464708, 0.9204
1829, 467481240, 0.9204
1830, 467497019, 0.9204
1831, 467513389, 0.9204
1832, 467529623, 0.9204
1833, 467545736, 0.9204
1834, 467562003, 0.9204
1835, 467577811, 0.9204
1836, 467593829, 0.9204
1837, 467610316, 0.9204
1838, 467626303, 0.9204
1839, 467642673, 0.9204
1840, 467658930, 0.9204
1841, 467675486, 0.9204
1842, 467691536, 0.9204
1843, 467707883, 0.9204
1844, 467723942, 0.9204
1845, 467740063, 0.9204
1846, 467756447, 0.9204
1847, 467772806, 0.9204
1848, 467789100, 0.9204
1849, 467805546, 0.9204
1850, 467821995, 0.9204
1851, 467838435, 0.9204
1852, 467854831, 0.9204
1853, 467871306, 0.9204
1854, 467887436, 0.9204
1855, 467903841, 0.9204
1856, 467919954, 0.9204
1857, 467936021, 0.9204
1858, 467951731, 0.9204
1859, 467968190, 0.9204
1860, 467984315, 0.9204
1861, 468000979, 0.9204
1862, 468016405, 0.9204
1863, 468032541, 0.9204
1864, 468048157, 0.9204
1865, 468064054, 0.9204
1866, 468080163, 0.9204
1867, 468099267, 0.9204
1868, 468115622, 0.9204
1869, 468132151, 0.9204
1870, 468148590, 0.9204
1871, 468164973, 0.9204
1872, 468181566, 0.9204
1873, 468197857, 0.9204
1874, 468214159, 0.9204
1875, 468230507, 0.9204
1876, 468246725, 0.9204
1877, 468265514, 0.9204
1878, 468297250, 0.9204
1879, 468314409, 0.9204
1880, 468332730, 0.9204
1881, 468349465, 0.9204
1882, 468365782, 0.9204
1883, 468383220, 0.9204
1884, 468399856, 0.9204
1885, 468416650, 0.9204
1886, 468433753, 0.9204
1887, 468450411, 0.9204
1888, 468467895, 0.9204
1889, 468485200, 0.9204
1890, 468502905, 0.9204
1891, 468519477, 0.9204
1892, 468536219, 0.9204
1893, 468552604, 0.9204
1894, 468568937, 0.9204
1895, 468585833, 0.9204
1896, 468602276, 0.9204
1897, 468618218, 0.9204
1898, 468636731, 0.9204
1899, 468653552, 0.9204
1900, 468670348, 0.9204
1901, 468687344, 0.9204
1902, 468704379, 0.9204
1903, 468722196, 0.9204
1904, 468739590, 0.9204
1905, 468756188, 0.9204
1906, 468773622, 0.9204
1907, 468791211, 0.9204
1908, 468807903, 0.9204
1909, 468824621, 0.9204
1910, 468841056, 0.9204
1911, 468857695, 0.9204
1912, 468874143, 0.9204
1913, 468890262, 0.9204
1914, 468907011, 0.9204
1915, 468923538, 0.9204
1916, 468940040, 0.9204
1917, 468956287, 0.9204
1918, 468972608, 0.9204
1919, 468989226, 0.9204
1920, 469005368, 0.9204
1921, 469025625, 0.9204
1922, 469042653, 0.9204
1923, 469058961, 0.9204
1924, 469074956, 0.9204
1925, 469090862, 0.9204
1926, 469106401, 0.9204
1927, 469121744, 0.9204
1928, 469136718, 0.9204
1929, 469152104, 0.9204
1930, 469169074, 0.9204
1931, 469183726, 0.9204
1932, 469198819, 0.9204
1933, 469213294, 0.9204
1934, 469227292, 0.9204
1935, 469243820, 0.9204
1936, 469260269, 0.9204
1937, 469277076, 0.9204
1938, 469293088, 0.9204
1939, 469309572, 0.9204
1940, 469326274, 0.9204
1941, 469342959, 0.9204
1942, 469359363, 0.9204
1943, 469375943, 0.9204
1944, 469392277, 0.9204
1945, 469417327, 0.9204
1946, 469433768, 0.9204
1947, 469450362, 0.9204
1948, 469466203, 0.9204
1949, 469481972, 0.9204
1950, 469498370, 0.9204
1951, 469517646, 0.9204
1952, 469533482, 0.9204
1953, 469549721, 0.9204
1954, 469565887, 0.9204
1955, 469582049, 0.9204
1956, 469598057, 0.9204
1957, 469613887, 0.9204
1958, 469630214, 0.9204
1959, 469647197, 0.9204
1960, 469663167, 0.9204
1961, 469679283, 0.9204
1962, 469694903, 0.9204
1963, 469711427, 0.9204
1964, 469728099, 0.9204
1965, 469744664, 0.9204
1966, 469760878, 0.9204
1967, 469777606, 0.9204
1968, 469794435, 0.9204
1969, 469809384, 0.9204
1970, 469824978, 0.9204
1971, 469840614, 0.9204
1972, 469857346, 0.9204
1973, 469900165, 0.9204
1974, 469917394, 0.9204
1975, 469933544, 0.9204
1976, 469950143, 0.9204
1977, 469966466, 0.9204
1978, 469983326, 0.9204
1979, 469999622, 0.9204
1980, 470016198, 0.9204
1981, 470032801, 0.9204
1982, 470049161, 0.9204
1983, 470065986, 0.9204
1984, 470081588, 0.9204
1985, 470097308, 0.9204
1986, 470113640, 0.9204
1987, 470129461, 0.9204
1988, 470145683, 0.9204
1989, 470161480, 0.9204
1990, 470177878, 0.9204
1991, 470193832, 0.9204
1992, 470209693, 0.9204
1993, 470225952, 0.9204
1994, 470244910, 0.9204
1995, 470263185, 0.9204
1996, 470279175, 0.9204
1997, 470295704, 0.9204
1998, 470312191, 0.9204
1999, 470328740, 0.9204
2000, 470345213, 0.9204
2001, 470361557, 0.9204
2002, 470377894, 0.9204
2003, 470394415, 0.9204
2004, 470410704, 0.9204
2005, 470426496, 0.9204
2006, 470442756, 0.9204
2007, 470459087, 0.9204
2008, 470475118, 0.9204
2009, 470490880, 0.9204
2010, 470506558, 0.9204
2011, 470522239, 0.9204
2012, 470536578, 0.9204
2013, 470559416, 0.9204
2014, 470573913, 0.9204
2015, 470589367, 0.9204
2016, 470605170, 0.9204
2017, 470619917, 0.9204
2018, 470634207, 0.9204
2019, 470648045, 0.9204
2020, 470661997, 0.9204
2021, 470675871, 0.9204
2022, 470690734, 0.9204
2023, 470714830, 0.9204
2024, 470730322, 0.9204
2025, 470746245, 0.9204
2026, 470766833, 0.9204
2027, 470781093, 0.9204
2028, 470795866, 0.9204
2029, 470810548, 0.9204
2030, 470825570, 0.9204
2031, 470841602, 0.9204
2032, 470857389, 0.9204
2033, 470872761, 0.9204
2034, 470887445, 0.9204
2035, 470902879, 0.9204
2036, 470919174, 0.9204
2037, 470935335, 0.9204
2038, 470951273, 0.9204
2039, 470970043, 0.9204
2040, 470986267, 0.9204
2041, 471004456, 0.9204
2042, 471021421, 0.9204
2043, 471037242, 0.9204
2044, 471053357, 0.9204
2045, 471069044, 0.9204
2046, 471090266, 0.9204
2047, 471107334, 0.9204
2048, 471125649, 0.9204
2049, 471143382, 0.9204
2050, 471159488, 0.9204
2051, 471205588, 0.9204
2052, 471222522, 0.9204
2053, 471237540, 0.9204
2054, 471253280, 0.9204
2055, 471268878, 0.9204
2056, 471284218, 0.9204
2057, 471300205, 0.9204
2058, 471315760, 0.9204
2059, 471331150, 0.9204
2060, 471345933, 0.9204
2061, 471362466, 0.9204
2062, 471379076, 0.9204
2063, 471395311, 0.9204
2064, 471411145, 0.9204
2065, 471427740, 0.9204
2066, 471443749, 0.9204
2067, 471459958, 0.9204
2068, 471476247, 0.9204
2069, 471491805, 0.9204
2070, 471508281, 0.9204
2071, 471524346, 0.9204
2072, 471540168, 0.9204
2073, 471555737, 0.9204
2074, 471571166, 0.9204
2075, 471585897, 0.9204
2076, 471601106, 0.9204
2077, 471615815, 0.9204
2078, 471630734, 0.9204
2079, 471645964, 0.9204
2080, 471661766, 0.9204
2081, 471677713, 0.9204
2082, 471692914, 0.9204
2083, 471709053, 0.9204
2084, 471725570, 0.9204
2085, 471741904, 0.9204
2086, 471757879, 0.9204
2087, 471773565, 0.9204
2088, 471789839, 0.9204
2089, 471806535, 0.9204
2090, 471822441, 0.9204
2091, 471839179, 0.9204
2092, 471856224, 0.9204
2093, 471872304, 0.9204
2094, 471888381, 0.9204
2095, 471904159, 0.9204
2096, 471920057, 0.9204
2097, 471936303, 0.9204
2098, 471952429, 0.9204
2099, 471968277, 0.9204
2100, 471984631, 0.9204
2101, 472001263, 0.9204
2102, 472017374, 0.9204
2103, 472033531, 0.9204
2104, 472049528, 0.9204
2105, 472066158, 0.9204
2106, 472082067, 0.9204
2107, 472098461, 0.9204
2108, 472114427, 0.9204
2109, 472130536, 0.9204
2110, 472147014, 0.9204
2111, 472163084, 0.9204
2112, 472179281, 0.9204
2113, 472195820, 0.9204
2114, 472212127, 0.9204
2115, 472228223, 0.9204
2116, 472243619, 0.9204
2117, 472259398, 0.9204
2118, 472275183, 0.9204
2119, 472291134, 0.9204
2120, 472306966, 0.9204
2121, 472323230, 0.9204
2122, 472338997, 0.9204
2123, 472359869, 0.9204
2124, 472375524, 0.9204
2125, 472391815, 0.9204
2126, 472407480, 0.9204
2127, 472423921, 0.9204
2128, 472439635, 0.9204
2129, 472455564, 0.9204
2130, 472471634, 0.9204
2131, 472487382, 0.9204
2132, 472503416, 0.9204
2133, 472522108, 0.9204
2134, 472538507, 0.9204
2135, 472553912, 0.9204
2136, 472570320, 0.9204
2137, 472586777, 0.9204
2138, 472602489, 0.9204
2139, 472618218, 0.9204
2140, 472633803, 0.9204
2141, 472650364, 0.9204
2142, 472666303, 0.9204
2143, 472681970, 0.9204
2144, 472698834, 0.9204
2145, 472715267, 0.9204
2146, 472733271, 0.9204
2147, 472748987, 0.9204
2148, 472764753, 0.9204
2149, 472780397, 0.9204
2150, 472796274, 0.9204
2151, 472812400, 0.9204
2152, 472828118, 0.9204
2153, 472844009, 0.9204
2154, 472860178, 0.9204
2155, 472875949, 0.9204
2156, 472891912, 0.9204
2157, 472907509, 0.9204
2158, 472923249, 0.9204
2159, 472939187, 0.9204
2160, 472955012, 0.9204
2161, 472971138, 0.9204
2162, 472986504, 0.9204
2163, 473002363, 0.9204
2164, 473017741, 0.9204
2165, 473035783, 0.9204
2166, 473051792, 0.9204
2167, 473067887, 0.9204
2168, 473083285, 0.9204
2169, 473099575, 0.9204
2170, 473115978, 0.9204
2171, 473132302, 0.9204
2172, 473148198, 0.9204
2173, 473164520, 0.9204
2174, 473180656, 0.9204
2175, 473196525, 0.9204
2176, 473212331, 0.9204
2177, 473231120, 0.9204
2178, 473246409, 0.9204
2179, 473262272, 0.9204
2180, 473278229, 0.9204
2181, 473294208, 0.9204
2182, 473310514, 0.9204
2183, 473326292, 0.9204
2184, 473342583, 0.9204
2185, 473358253, 0.9204
2186, 473374125, 0.9204
2187, 473390223, 0.9204
2188, 473418738, 0.9204
2189, 473435081, 0.9204
2190, 473450970, 0.9204
2191, 473466550, 0.9204
2192, 473482506, 0.9204
2193, 473496973, 0.9204
2194, 473512077, 0.9204
2195, 473527214, 0.9204
2196, 473543287, 0.9204
2197, 473559439, 0.9204
2198, 473576074, 0.9204
2199, 473592289, 0.9204
2200, 473610277, 0.9204
2201, 473627318, 0.9204
2202, 473644039, 0.9204
2203, 473660433, 0.9204
2204, 473676353, 0.9204
2205, 473692136, 0.9204
2206, 473707720, 0.9204
2207, 473724062, 0.9204
2208, 473741484, 0.9204
2209, 473755851, 0.9204
2210, 473770996, 0.9204
2211, 473788046, 0.9204
2212, 473802901, 0.9204
2213, 473818142, 0.9204
2214, 473834673, 0.9204
2215, 473849292, 0.9204
2216, 473863889, 0.9204
2217, 473878947, 0.9204
2218, 473898038, 0.9204
2219, 473919165, 0.9204
2220, 473934025, 0.9204
2221, 473949159, 0.9204
2222, 473964843, 0.9204
2223, 473980295, 0.9204
2224, 473996158, 0.9204
2225, 474010849, 0.9204
2226, 474026259, 0.9204
2227, 474040896, 0.9204
2228, 474055689, 0.9204
2229, 474070951, 0.9204
2230, 474086141, 0.9204
2231, 474101238, 0.9204
2232, 474116502, 0.9204
2233, 474132420, 0.9204
2234, 474148250, 0.9204
2235, 474163439, 0.9204
2236, 474178765, 0.9204
2237, 474240623, 0.9204
2238, 474257115, 0.9204
2239, 474276949, 0.9204
2240, 474293838, 0.9204
2241, 474313408, 0.9204
2242, 474330089, 0.9204
2243, 474346658, 0.9204
2244, 474362829, 0.9204
2245, 474378589, 0.9204
2246, 474415209, 0.9204
2247, 474431811, 0.9204
2248, 478637098, 0.9204
2249, 478710705, 0.9204
2250, 478742229, 0.9204
2251, 478780720, 0.9204
2252, 478798466, 0.9204
2253, 478815927, 0.9204
2254, 478860242, 0.9204
2255, 478889364, 0.9204
2256, 478910864, 0.9204
2257, 478928163, 0.9204
2258, 479208526, 0.9204
2259, 479315093, 0.9204
2260, 479369854, 0.9204
2261, 479407235, 0.9204
2262, 479436717, 0.9204
2263, 479460891, 0.9204
2264, 479486391, 0.9204
2265, 479525300, 0.9204
2266, 479547971, 0.9204
2267, 479573283, 0.9204
2268, 479596886, 0.9204
2269, 479618448, 0.9204
2270, 479640869, 0.9204
2271, 479661104, 0.9204
2272, 479688945, 0.9204
2273, 479722698, 0.9204
2274, 479743077, 0.9204
2275, 479764500, 0.9204
2276, 479800017, 0.9204
2277, 479823889, 0.9204
2278, 479847766, 0.9204
2279, 479874031, 0.9204
2280, 479897047, 0.9204
2281, 479917977, 0.9204
2282, 479941813, 0.9204
2283, 479968965, 0.9204
2284, 479994755, 0.9204
2285, 480020581, 0.9204
2286, 480048757, 0.9204
2287, 480071774, 0.9204
2288, 480097924, 0.9204
2289, 480122265, 0.9204
2290, 480155760, 0.9204
2291, 480184563, 0.9204
2292, 480207061, 0.9204
2293, 480240989, 0.9204
2294, 480265436, 0.9204
2295, 480294345, 0.9204
2296, 480329485, 0.9204
2297, 480354682, 0.9204
2298, 480373939, 0.9204
2299, 480394334, 0.9204
2300, 480412077, 0.9204
2301, 480431411, 0.9204
2302, 480450733, 0.9204
2303, 480469822, 0.9204
2304, 480494447, 0.9204
2305, 480520357, 0.9204
2306, 480542578, 0.9204
2307, 480569192, 0.9204
2308, 480605667, 0.9204
2309, 480629502, 0.9204
2310, 480653230, 0.9204
2311, 480683913, 0.9204
2312, 480702839, 0.9204
2313, 480723111, 0.9204
2314, 480742199, 0.9204
2315, 480761688, 0.9204
2316, 480782948, 0.9204
2317, 480809255, 0.9204
2318, 480833013, 0.9204
2319, 480865787, 0.9204
2320, 480888655, 0.9204
2321, 480908647, 0.9204
2322, 480930034, 0.9204
2323, 480950680, 0.9204
2324, 480969612, 0.9204
2325, 480993632, 0.9204
2326, 481017174, 0.9204
2327, 481052376, 0.9204
2328, 481077361, 0.9204
2329, 481106510, 0.9204
2330, 481142067, 0.9204
2331, 481164582, 0.9204
2332, 481188867, 0.9204
2333, 481221521, 0.9204
2334, 481247030, 0.9204
2335, 481270072, 0.9204
2336, 481294451, 0.9204
2337, 481319879, 0.9204
2338, 481343097, 0.9204
2339, 481365295, 0.9204
2340, 481388131, 0.9204
2341, 481428193, 0.9204
2342, 481800270, 0.9204
2343, 481821099, 0.9204
2344, 481836991, 0.9204
2345, 481860799, 0.9204
2346, 481876707, 0.9204
2347, 481892744, 0.9204
2348, 481925948, 0.9204
2349, 481951984, 0.9204
2350, 481966700, 0.9204
2351, 481982293, 0.9204
2352, 481997666, 0.9204
2353, 482031123, 0.9204
2354, 482046617, 0.9204
2355, 482062388, 0.9204
2356, 482078034, 0.9204
2357, 482094124, 0.9204
2358, 482110282, 0.9204
2359, 482126129, 0.9204
2360, 482152461, 0.9204
2361, 482168167, 0.9204
2362, 482183967, 0.9204
2363, 482198988, 0.9204
2364, 482493027, 0.9204
2365, 482525029, 0.9204
2366, 482542349, 0.9204
2367, 482991769, 0.9204
2368, 483014970, 0.9204
2369, 483032053, 0.9204
2370, 483048284, 0.9204
2371, 483064236, 0.9204
2372, 483080437, 0.9204
2373, 483096132, 0.9204
2374, 483111863, 0.9204
2375, 483127707, 0.9204
2376, 483143497, 0.9204
2377, 483159128, 0.9204
2378, 483175014, 0.9204
2379, 483195866, 0.9204
2380, 483211366, 0.9204
2381, 483226377, 0.9204
2382, 483242075, 0.9204
2383, 483257469, 0.9204
2384, 483272790, 0.9204
2385, 483288088, 0.9204
2386, 483303669, 0.9204
2387, 483318872, 0.9204
2388, 483333720, 0.9204
2389, 483350324, 0.9204
2390, 483366981, 0.9204
2391, 483382319, 0.9204
2392, 483397227, 0.9204
2393, 483412400, 0.9204
2394, 483427269, 0.9204
2395, 483442067, 0.9204
2396, 483457342, 0.9204
2397, 483472259, 0.9204
2398, 483486964, 0.9204
2399, 483501811, 0.9204
2400, 483516761, 0.9204
2401, 483531622, 0.9204
2402, 483546562, 0.9204
2403, 483561081, 0.9204
2404, 483578610, 0.9204
2405, 483593520, 0.9204
2406, 483608056, 0.9204
2407, 483623100, 0.9204
2408, 483638115, 0.9204
2409, 483653538, 0.9204
2410, 483668758, 0.9204
2411, 483683532, 0.9204
2412, 483698525, 0.9204
2413, 483747977, 0.9204
2414, 483764661, 0.9204
2415, 483779567, 0.9204
2416, 483795045, 0.9204
2417, 483809886, 0.9204
2418, 483825158, 0.9204
2419, 483840552, 0.9204
2420, 483855783, 0.9204
2421, 483871503, 0.9204
2422, 483886809, 0.9204
2423, 483902432, 0.9204
2424, 483918129, 0.9204
2425, 483933738, 0.9204
2426, 483948860, 0.9204
2427, 483964685, 0.9204
2428, 483980578, 0.9204
2429, 483996418, 0.9204
2430, 484012130, 0.9204
2431, 484027975, 0.9204
2432, 484043208, 0.9204
2433, 484058537, 0.9204
2434, 484073190, 0.9204
2435, 484087008, 0.9204
2436, 484101313, 0.9204
2437, 484116288, 0.9204
2438, 484131611, 0.9204
2439, 484145957, 0.9204
2440, 484160820, 0.9204
2441, 484176844, 0.9204
2442, 484191975, 0.9204
2443, 484206589, 0.9204
2444, 484221890, 0.9204
2445, 484237545, 0.9204
2446, 484252549, 0.9204
2447, 484267886, 0.9204
2448, 484283500, 0.9204
2449, 484299110, 0.9204
2450, 484315463, 0.9204
2451, 484330874, 0.9204
2452, 484346000, 0.9204
2453, 484360734, 0.9204
2454, 484375238, 0.9204
2455, 484389375, 0.9204
2456, 484404501, 0.9204
2457, 484419461, 0.9204
2458, 484434638, 0.9204
2459, 484450387, 0.9204
2460, 484465983, 0.9204
2461, 484481107, 0.9204
2462, 484496141, 0.9204
2463, 484511531, 0.9204
2464, 484527149, 0.9204
2465, 484543086, 0.9204
2466, 484559548, 0.9204
2467, 484576541, 0.9208
2468, 484592065, 0.9208
2469, 484607644, 0.9208
2470, 484622867, 0.9208
2471, 484639003, 0.9208
2472, 484654933, 0.9208
2473, 484670953, 0.9208
2474, 484686841, 0.9208
2475, 484703351, 0.9208
2476, 484719429, 0.9208
2477, 484735326, 0.9208
2478, 484751586, 0.9208
2479, 484767298, 0.9208
2480, 484782281, 0.9208
2481, 484797972, 0.9208
2482, 484812111, 0.9208
2483, 484826295, 0.9208
2484, 484841063, 0.9208
2485, 484856089, 0.9208
2486, 484871778, 0.9208
2487, 484886733, 0.9208
2488, 484901946, 0.9208
2489, 484921372, 0.9208
2490, 484936900, 0.9208
2491, 484952491, 0.9208
2492, 484967878, 0.9208
2493, 484982555, 0.9208
2494, 484996628, 0.9208
2495, 485012996, 0.9208
2496, 485029575, 0.9208
2497, 485045327, 0.9208
2498, 485061146, 0.9208
2499, 485076823, 0.9208
2500, 485092783, 0.9208
2501, 485108259, 0.9208
2502, 485123769, 0.9208
2503, 485140597, 0.9208
2504, 485155564, 0.9208
2505, 485171356, 0.9208
2506, 485187038, 0.9208
2507, 485213409, 0.9208
2508, 485229188, 0.9208
2509, 485245129, 0.9208
2510, 485261148, 0.9208
2511, 485277158, 0.9208
2512, 485292830, 0.9208
2513, 485308316, 0.9208
2514, 485323682, 0.9208
2515, 485338566, 0.9208
2516, 485354141, 0.9208
2517, 485369605, 0.9208
2518, 485385277, 0.9208
2519, 485400499, 0.9208
2520, 485428375, 0.9208
2521, 485445205, 0.9208
2522, 485466988, 0.9208
2523, 485483006, 0.9208
2524, 485498681, 0.9208
2525, 485514670, 0.9208
2526, 485530168, 0.9208
2527, 485548559, 0.9208
2528, 485564709, 0.9208
2529, 485579953, 0.9208
2530, 485596322, 0.9208
2531, 485614357, 0.9208
2532, 485628439, 0.9208
2533, 485642376, 0.9208
2534, 485656757, 0.9208
2535, 485671887, 0.9208
2536, 485687408, 0.9208
2537, 485702583, 0.9208
2538, 485718311, 0.9208
2539, 485733788, 0.9208
2540, 485749167, 0.9208
2541, 485764660, 0.9208
2542, 485780247, 0.9208
2543, 485795630, 0.9208
2544, 485811442, 0.9208
2545, 485826929, 0.9208
2546, 485842446, 0.9208
2547, 485858642, 0.9208
2548, 485874434, 0.9208
2549, 485890394, 0.9208
2550, 485906020, 0.9208
2551, 485922120, 0.9208
2552, 485938115, 0.9208
2553, 485956436, 0.9208
2554, 485972858, 0.9208
2555, 485988666, 0.9208
2556, 486004176, 0.9208
2557, 486018889, 0.9208
2558, 486032916, 0.9208
2559, 486049708, 0.9208
2560, 486067561, 0.9208
2561, 486088954, 0.9208
2562, 486105257, 0.9208
2563, 486120726, 0.9208
2564, 486136382, 0.9208
2565, 486150684, 0.9208
2566, 486164934, 0.9208
2567, 486180837, 0.9208
2568, 486196254, 0.9208
2569, 486211723, 0.9208
2570, 486227538, 0.9208
2571, 486243441, 0.9208
2572, 486259192, 0.9208
2573, 486274611, 0.9208
2574, 486290452, 0.9208
2575, 486306314, 0.9208
2576, 486321549, 0.9208
2577, 486338642, 0.9208
2578, 486354547, 0.9208
2579, 486370672, 0.9208
2580, 486386826, 0.9208
2581, 486402780, 0.9208
2582, 486418408, 0.9208
2583, 486434168, 0.9208
2584, 486449822, 0.9208
2585, 486465919, 0.9208
2586, 486481931, 0.9208
2587, 486498096, 0.9208
2588, 486513456, 0.9208
2589, 486528238, 0.9208
2590, 486542861, 0.9208
2591, 486557883, 0.9208
2592, 486573359, 0.9208
2593, 486588937, 0.9208
2594, 486605004, 0.9208
2595, 486620563, 0.9208
2596, 486635650, 0.9212
